{
    "images": [
        {
            "height": 540,
            "width": 960,
            "id": 0,
            "file_name": "circle_triangle1.png"
        },
        {
            "height": 540,
            "width": 960,
            "id": 1,
            "file_name": "circle_triangle2.png"
        },
        {
            "height": 540,
            "width": 960,
            "id": 2,
            "file_name": "circle_triangle3.png"
        },
        {
            "height": 540,
            "width": 960,
            "id": 3,
            "file_name": "circle_triangle4.png"
        },
        {
            "height": 540,
            "width": 960,
            "id": 4,
            "file_name": "circle_triangle5.png"
        },
        {
            "height": 540,
            "width": 960,
            "id": 5,
            "file_name": "circle_triangle6.png"
        }
    ],
    "categories": [
        {
            "supercategory": "circle",
            "id": 0,
            "name": "circle"
        },
        {
            "supercategory": "triangle",
            "id": 1,
            "name": "triangle"
        }
    ],
    "annotations": [
        {
            "segmentation": [
                [
                    170.23287671232876,
                    152.34246575342468,
                    130.5068493150685,
                    179.7397260273973,
                    108.58904109589041,
                    218.09589041095893,
                    100.36986301369863,
                    266.041095890411,
                    115.43835616438356,
                    307.1369863013699,
                    140.0958904109589,
                    337.2739726027397,
                    174.34246575342465,
                    356.45205479452056,
                    216.8082191780822,
                    368.7808219178082,
                    255.16438356164383,
                    367.41095890410963,
                    292.1506849315069,
                    357.82191780821915,
                    318.17808219178085,
                    340.013698630137,
                    342.83561643835617,
                    316.7260273972603,
                    357.9041095890411,
                    279.7397260273973,
                    362.013698630137,
                    253.71232876712332,
                    355.16438356164383,
                    219.46575342465752,
                    338.7260273972603,
                    192.06849315068496,
                    319.54794520547944,
                    167.41095890410958,
                    281.1917808219178,
                    145.4931506849315,
                    253.7945205479452,
                    138.64383561643837,
                    230.5068493150685,
                    138.64383561643837,
                    197.63013698630138,
                    142.75342465753425
                ]
            ],
            "iscrowd": 0,
            "area": 46654.15650215803,
            "image_id": 0,
            "bbox": [
                100.0,
                138.0,
                262.0,
                230.0
            ],
            "category_id": 0,
            "id": 1
        },
        {
            "segmentation": [
                [
                    638.7260273972603,
                    156.45205479452056,
                    519.5479452054794,
                    385.2191780821918,
                    763.3835616438356,
                    385.2191780821918
                ]
            ],
            "iscrowd": 0,
            "area": 27890.7862638394,
            "image_id": 0,
            "bbox": [
                519.0,
                156.0,
                244.0,
                229.0
            ],
            "category_id": 1,
            "id": 2
        },
        {
            "segmentation": [
                [
                    155.16438356164383,
                    146.86301369863014,
                    129.13698630136986,
                    163.3013698630137,
                    112.69863013698631,
                    187.95890410958907,
                    104.47945205479452,
                    219.46575342465752,
                    103.10958904109589,
                    257.8219178082192,
                    109.95890410958904,
                    287.95890410958907,
                    133.24657534246575,
                    312.6164383561644,
                    167.49315068493152,
                    333.16438356164383,
                    203.1095890410959,
                    333.16438356164383,
                    230.5068493150685,
                    323.57534246575347,
                    251.05479452054794,
                    305.7671232876712,
                    267.4931506849315,
                    279.7397260273973,
                    274.3424657534247,
                    249.60273972602744,
                    272.972602739726,
                    222.20547945205482,
                    267.4931506849315,
                    196.17808219178085,
                    257.9041095890411,
                    174.26027397260276,
                    240.0958904109589,
                    161.9315068493151,
                    219.54794520547946,
                    145.4931506849315,
                    197.63013698630138,
                    140.01369863013701,
                    170.23287671232876,
                    137.27397260273972
                ]
            ],
            "iscrowd": 0,
            "area": 26483.392756614776,
            "image_id": 1,
            "bbox": [
                103.0,
                137.0,
                171.0,
                196.0
            ],
            "category_id": 0,
            "id": 3
        },
        {
            "segmentation": [
                [
                    646.945205479452,
                    157.8219178082192,
                    534.6164383561644,
                    371.5205479452055,
                    762.013698630137,
                    372.8904109589041
                ]
            ],
            "iscrowd": 0,
            "area": 24374.179020454176,
            "image_id": 1,
            "bbox": [
                534.0,
                157.0,
                228.0,
                215.0
            ],
            "category_id": 1,
            "id": 4
        },
        {
            "segmentation": [
                [
                    194.8904109589041,
                    146.86301369863014,
                    159.27397260273972,
                    160.56164383561645,
                    134.6164383561644,
                    183.84931506849318,
                    115.43835616438356,
                    207.13698630136986,
                    107.21917808219179,
                    233.16438356164383,
                    100.36986301369863,
                    267.4109589041096,
                    108.58904109589041,
                    298.91780821917814,
                    129.13698630136986,
                    331.79452054794524,
                    156.53424657534248,
                    355.082191780822,
                    188.04109589041096,
                    368.7808219178082,
                    223.65753424657535,
                    379.7397260273973,
                    266.1232876712329,
                    381.1095890410959,
                    301.73972602739724,
                    372.8904109589041,
                    335.98630136986304,
                    357.82191780821915,
                    366.1232876712329,
                    340.013698630137,
                    381.1917808219178,
                    311.2465753424658,
                    397.63013698630135,
                    278.36986301369865,
                    396.26027397260276,
                    249.60273972602744,
                    386.67123287671234,
                    218.09589041095893,
                    370.2328767123288,
                    190.6986301369863,
                    348.3150684931507,
                    172.8904109589041,
                    322.28767123287673,
                    155.08219178082192,
                    294.8904109589041,
                    142.75342465753425,
                    262.013698630137,
                    137.27397260273972,
                    235.986301369863,
                    138.64383561643837
                ]
            ],
            "iscrowd": 0,
            "area": 55961.718896603445,
            "image_id": 2,
            "bbox": [
                100.0,
                137.0,
                297.0,
                244.0
            ],
            "category_id": 0,
            "id": 5
        },
        {
            "segmentation": [
                [
                    651.054794520548,
                    157.8219178082192,
                    534.6164383561644,
                    370.1506849315068,
                    762.013698630137,
                    370.1506849315068
                ]
            ],
            "iscrowd": 0,
            "area": 24141.489960592997,
            "image_id": 2,
            "bbox": [
                534.0,
                157.0,
                228.0,
                213.0
            ],
            "category_id": 1,
            "id": 6
        },
        {
            "segmentation": [
                [
                    225.02739726027397,
                    81.10958904109589,
                    186.67123287671234,
                    96.17808219178085,
                    160.64383561643837,
                    119.46575342465752,
                    145.57534246575344,
                    144.1232876712329,
                    138.72602739726028,
                    168.78082191780823,
                    141.46575342465755,
                    200.28767123287673,
                    152.4246575342466,
                    226.3150684931507,
                    170.23287671232876,
                    250.97260273972603,
                    207.21917808219177,
                    266.041095890411,
                    253.7945205479452,
                    277.0,
                    288.041095890411,
                    271.52054794520546,
                    315.43835616438355,
                    260.56164383561645,
                    333.24657534246575,
                    250.97260273972603,
                    355.16438356164383,
                    233.16438356164383,
                    367.4931506849315,
                    218.09589041095893,
                    374.3424657534247,
                    193.43835616438355,
                    378.45205479452056,
                    161.9315068493151,
                    367.4931506849315,
                    138.64383561643837,
                    348.3150684931507,
                    116.72602739726028,
                    322.28767123287673,
                    98.91780821917808,
                    301.73972602739724,
                    85.21917808219177,
                    266.1232876712329,
                    78.36986301369865
                ]
            ],
            "iscrowd": 0,
            "area": 36515.29367611185,
            "image_id": 3,
            "bbox": [
                138.0,
                78.0,
                240.0,
                199.0
            ],
            "category_id": 0,
            "id": 7
        },
        {
            "segmentation": [
                [
                    618.1780821917808,
                    141.3835616438356,
                    492.1506849315069,
                    386.5890410958905,
                    746.945205479452,
                    390.69863013698637
                ]
            ],
            "iscrowd": 0,
            "area": 31497.466691687063,
            "image_id": 3,
            "bbox": [
                492.0,
                141.0,
                254.0,
                249.0
            ],
            "category_id": 1,
            "id": 8
        },
        {
            "segmentation": [
                [
                    270.2328767123288,
                    193.43835616438355,
                    240.0958904109589,
                    209.87671232876716,
                    216.8082191780822,
                    234.53424657534248,
                    205.84931506849315,
                    267.4109589041096,
                    200.36986301369865,
                    301.6575342465753,
                    215.43835616438358,
                    340.013698630137,
                    235.986301369863,
                    363.30136986301375,
                    260.64383561643837,
                    381.1095890410959,
                    300.36986301369865,
                    389.32876712328766,
                    342.83561643835617,
                    378.3698630136986,
                    374.3424657534247,
                    356.45205479452056,
                    390.7808219178082,
                    326.31506849315065,
                    397.63013698630135,
                    286.5890410958904,
                    390.7808219178082,
                    252.34246575342468,
                    371.6027397260274,
                    222.20547945205482,
                    351.05479452054794,
                    201.65753424657538,
                    318.17808219178085,
                    192.06849315068496,
                    293.52054794520546,
                    190.6986301369863
                ]
            ],
            "iscrowd": 0,
            "area": 30151.998498780187,
            "image_id": 4,
            "bbox": [
                200.0,
                190.0,
                197.0,
                199.0
            ],
            "category_id": 0,
            "id": 9
        },
        {
            "segmentation": [
                [
                    675.7123287671233,
                    134.53424657534248,
                    572.9726027397261,
                    323.57534246575347,
                    778.4520547945206,
                    324.94520547945206
                ]
            ],
            "iscrowd": 0,
            "area": 19492.400075060956,
            "image_id": 4,
            "bbox": [
                572.0,
                134.0,
                206.0,
                190.0
            ],
            "category_id": 1,
            "id": 10
        },
        {
            "segmentation": [
                [
                    225.02739726027397,
                    115.35616438356163,
                    193.5205479452055,
                    130.4246575342466,
                    160.64383561643837,
                    146.86301369863014,
                    140.0958904109589,
                    168.78082191780823,
                    118.17808219178083,
                    196.17808219178085,
                    108.58904109589041,
                    223.5753424657534,
                    103.10958904109589,
                    252.34246575342468,
                    107.21917808219179,
                    290.69863013698637,
                    118.17808219178083,
                    319.4657534246576,
                    135.986301369863,
                    349.6027397260274,
                    160.64383561643837,
                    371.5205479452055,
                    194.8904109589041,
                    385.2191780821918,
                    229.13698630136986,
                    397.54794520547944,
                    274.3424657534247,
                    404.3972602739726,
                    309.95890410958907,
                    397.54794520547944,
                    338.7260273972603,
                    383.8493150684932,
                    367.4931506849315,
                    368.7808219178082,
                    393.52054794520546,
                    344.1232876712329,
                    407.2191780821918,
                    319.4657534246576,
                    419.54794520547944,
                    292.06849315068496,
                    423.6575342465754,
                    261.9315068493151,
                    419.54794520547944,
                    229.05479452054794,
                    403.1095890410959,
                    187.95890410958907,
                    383.9315068493151,
                    161.9315068493151,
                    357.9041095890411,
                    144.1232876712329,
                    326.3972602739726,
                    127.6849315068493,
                    289.4109589041096,
                    118.09589041095893,
                    251.05479452054794,
                    118.09589041095893
                ]
            ],
            "iscrowd": 0,
            "area": 71713.26702946145,
            "image_id": 5,
            "bbox": [
                103.0,
                115.0,
                320.0,
                289.0
            ],
            "category_id": 0,
            "id": 11
        },
        {
            "segmentation": [
                [
                    714.068493150685,
                    134.53424657534248,
                    568.8630136986302,
                    429.05479452054794,
                    867.4931506849315,
                    426.31506849315065
                ]
            ],
            "iscrowd": 0,
            "area": 43777.44417339086,
            "image_id": 5,
            "bbox": [
                568.0,
                134.0,
                299.0,
                295.0
            ],
            "category_id": 1,
            "id": 12
        }
    ]
}